<?xml version="1.0" encoding="UTF-8"?>
<beans xmlns="http://www.springframework.org/schema/beans" xmlns:xsi="http://www.w3.org/2001/XMLSchema-instance"
    xmlns:pylon="http://ele.me/schema/pylon" xmlns:context="http://www.springframework.org/schema/context"
    xsi:schemaLocation="
            http://www.springframework.org/schema/beans http://www.springframework.org/schema/beans/spring-beans-4.0.xsd
            http://www.springframework.org/schema/context http://www.springframework.org/schema/context/spring-context-4.0.xsd
            http://ele.me/schema/pylon http://ele.me/schema/pylon/spring-pylon.xsd">

    <!-- 门店 -->
    <pylon:client name="me.ele.zs.erp" protocol="json" group="${zs.erp.soa.group}" threadPoolSize="${zs.erp.soa.threadPoolSize}"
        timeoutInMillis="${zs.erp.soa.timeoutInMillis}">
        <!-- 门店退货服务 -->
        <pylon:interface id="erpStoreReturnService" class="me.ele.zs.client.store.service.ErpStoreReturnService" />
        <!-- 门店采购服务 -->
        <pylon:interface id="erpStoreDeliveryService" class="me.ele.zs.client.store.service.ErpStoreDeliveryService" />
        <!-- 仓库调拨服务 -->
        <pylon:interface id="erpWarehouseTransService" class="me.ele.zs.client.warehouse.service.ErpWarehouseTransService" />
        <!-- 仓库退货服务 -->
        <pylon:interface id="erpWarehouseReturnSupplierService" class="me.ele.zs.client.warehouse.service.ErpWarehouseReturnSupplierService" />
        <!-- 仓库领用服务 -->
        <pylon:interface id="erpWarehouseUsedService" class="me.ele.zs.client.warehouse.service.ErpWarehouseUsedService" />
        <!-- 仓库报废服务 -->
        <pylon:interface id="erpWarehouseScrappedService" class="me.ele.zs.client.warehouse.service.ErpWarehouseScrappedService" />
    </pylon:client>

</beans>